Model,Accuracy,Sensitivity,Specificity,F1-Score,Precision
LogisticRegression_v8,0.6857142857142857,0.16666666666666666,0.9565217391304348,0.26666666666666666,0.6666666666666666
KNN_v8,0.6285714285714286,0.08333333333333333,0.9130434782608695,0.13333333333333333,0.3333333333333333
RandomForest_v8,0.6285714285714286,0.08333333333333333,0.9130434782608695,0.13333333333333333,0.3333333333333333
SVM_v8,0.6285714285714286,0.08333333333333333,0.9130434782608695,0.13333333333333333,0.3333333333333333
XGBoost_v8,0.6285714285714286,0.08333333333333333,0.9130434782608695,0.13333333333333333,0.3333333333333333
