Model,Threshold,Accuracy,Sensitivity,Specificity,F1-Score,Precision
stacking_ensemble,0.5,0.6285714285714286,0.16666666666666666,0.8695652173913043,0.23529411764705882,0.4
