Model,Threshold,Accuracy,Sensitivity,Specificity,F1-Score,Precision
voting_ensemble,0.5,0.6857142857142857,0.4166666666666667,0.8260869565217391,0.47619047619047616,0.5555555555555556
stacking_ensemble,0.5,0.7142857142857143,0.25,0.9565217391304348,0.375,0.75
