Model,Accuracy,Sensitivity,Specificity,F1-Score,Precision
KNN_tuned_v8,0.6571428571428571,0.16666666666666666,0.9130434782608695,0.25,0.5
LogisticRegression_tuned_v8,0.6857142857142857,0.16666666666666666,0.9565217391304348,0.26666666666666666,0.6666666666666666
RandomForest_tuned_v8,0.6,0.08333333333333333,0.8695652173913043,0.125,0.25
SVM_tuned_v8,0.6,0.08333333333333333,0.8695652173913043,0.125,0.25
XGBoost_tuned_v8,0.6285714285714286,0.08333333333333333,0.9130434782608695,0.13333333333333333,0.3333333333333333
