Model,Threshold,Accuracy,Sensitivity,Specificity,F1-Score,Precision
KNN_tuned,0.5,0.6571428571428571,0.08333333333333333,0.9565217391304348,0.14285714285714285,0.5
LogisticRegression_tuned,0.5,0.6571428571428571,0.08333333333333333,0.9565217391304348,0.14285714285714285,0.5
RandomForest_tuned,0.5,0.6285714285714286,0.08333333333333333,0.9130434782608695,0.13333333333333333,0.3333333333333333
XGBoost_tuned,0.5,0.6285714285714286,0.08333333333333333,0.9130434782608695,0.13333333333333333,0.3333333333333333
SVM_tuned,0.5,0.6,0.08333333333333333,0.8695652173913043,0.125,0.25
